{
    "Border": {
        "a": 0.30000001192092896,
        "b": 0.0,
        "g": 0.0,
        "r": 0.0
    },
    "BorderShadow": {
        "a": 0.0,
        "b": 0.0,
        "g": 0.0,
        "r": 0.0
    },
    "Button": {
        "a": 0.8313725590705872,
        "b": 0.5984556078910828,
        "g": 0.5984556078910828,
        "r": 0.5984556078910828
    },
    "ButtonActive": {
        "a": 1.0,
        "b": 0.08494210243225098,
        "g": 0.08494210243225098,
        "r": 0.08494210243225098
    },
    "ButtonHovered": {
        "a": 1.0,
        "b": 0.9189189076423645,
        "g": 0.9189189076423645,
        "r": 0.9189189076423645
    },
    "CheckMark": {
        "a": 1.0,
        "b": 0.9800000190734863,
        "g": 0.5899999737739563,
        "r": 0.25999999046325684
    },
    "ChildBg": {
        "a": 0.0,
        "b": 0.0,
        "g": 0.0,
        "r": 0.0
    },
    "DockingEmptyBg": {
        "a": 1.0,
        "b": 0.20000000298023224,
        "g": 0.20000000298023224,
        "r": 0.20000000298023224
    },
    "DragDropTarget": {
        "a": 0.949999988079071,
        "b": 0.9800000190734863,
        "g": 0.5899999737739563,
        "r": 0.25999999046325684
    },
    "FrameBg": {
        "a": 1.0,
        "b": 0.1899999976158142,
        "g": 0.1899999976158142,
        "r": 0.1899999976158142
    },
    "FrameBgActive": {
        "a": 0.6700000166893005,
        "b": 0.9800000190734863,
        "g": 0.5899999737739563,
        "r": 0.25999999046325684
    },
    "FrameBgHovered": {
        "a": 0.4000000059604645,
        "b": 0.9800000190734863,
        "g": 0.5899999737739563,
        "r": 0.25999999046325684
    },
    "Header": {
        "a": 0.3100000023841858,
        "b": 0.9800000190734863,
        "g": 0.5899999737739563,
        "r": 0.25999999046325684
    },
    "HeaderActive": {
        "a": 1.0,
        "b": 1.0,
        "g": 0.45833373069763184,
        "r": 0.0
    },
    "HeaderHovered": {
        "a": 0.800000011920929,
        "b": 1.0,
        "g": 0.45833373069763184,
        "r": 0.0
    },
    "MenuBarBg": {
        "a": 1.0,
        "b": 1.0,
        "g": 1.0,
        "r": 1.0
    },
    "ModalWindowDimBg": {
        "a": 0.3499999940395355,
        "b": 0.20000000298023224,
        "g": 0.20000000298023224,
        "r": 0.20000000298023224
    },
    "NavHighlight": {
        "a": 0.800000011920929,
        "b": 1.0,
        "g": 0.45833373069763184,
        "r": 0.0
    },
    "NavWindowingDimBg": {
        "a": 0.20000000298023224,
        "b": 0.20000000298023224,
        "g": 0.20000000298023224,
        "r": 0.20000000298023224
    },
    "NavWindowingHighlight": {
        "a": 0.699999988079071,
        "b": 0.699999988079071,
        "g": 0.699999988079071,
        "r": 0.699999988079071
    },
    "PlotHistogram": {
        "a": 1.0,
        "b": 0.0,
        "g": 0.699999988079071,
        "r": 0.8999999761581421
    },
    "PlotHistogramHovered": {
        "a": 1.0,
        "b": 0.0,
        "g": 0.44999998807907104,
        "r": 1.0
    },
    "PlotLines": {
        "a": 1.0,
        "b": 0.38999998569488525,
        "g": 0.38999998569488525,
        "r": 0.38999998569488525
    },
    "PlotLinesHovered": {
        "a": 1.0,
        "b": 0.3499999940395355,
        "g": 0.4300000071525574,
        "r": 1.0
    },
    "PopupBg": {
        "a": 0.9800000190734863,
        "b": 0.08658186346292496,
        "g": 0.08658186346292496,
        "r": 0.09266406297683716
    },
    "ResizeGrip": {
        "a": 0.17000000178813934,
        "b": 0.3499999940395355,
        "g": 0.3499999940395355,
        "r": 0.3499999940395355
    },
    "ResizeGripActive": {
        "a": 0.949999988079071,
        "b": 0.9800000190734863,
        "g": 0.5899999737739563,
        "r": 0.25999999046325684
    },
    "ResizeGripHovered": {
        "a": 0.6700000166893005,
        "b": 0.9800000190734863,
        "g": 0.5899999737739563,
        "r": 0.25999999046325684
    },
    "ScrollbarBg": {
        "a": 0.5299999713897705,
        "b": 0.9800000190734863,
        "g": 0.9800000190734863,
        "r": 0.9800000190734863
    },
    "ScrollbarGrab": {
        "a": 0.800000011920929,
        "b": 0.6899999976158142,
        "g": 0.6899999976158142,
        "r": 0.6899999976158142
    },
    "ScrollbarGrabActive": {
        "a": 1.0,
        "b": 0.49000000953674316,
        "g": 0.49000000953674316,
        "r": 0.49000000953674316
    },
    "ScrollbarGrabHovered": {
        "a": 0.800000011920929,
        "b": 0.49000000953674316,
        "g": 0.49000000953674316,
        "r": 0.49000000953674316
    },
    "Separator": {
        "a": 0.6200000047683716,
        "b": 0.8223938345909119,
        "g": 0.8223938345909119,
        "r": 0.8223938345909119
    },
    "SeparatorActive": {
        "a": 1.0,
        "b": 0.0,
        "g": 0.0,
        "r": 1.0
    },
    "SeparatorHovered": {
        "a": 1.0,
        "b": 0.0,
        "g": 0.0,
        "r": 1.0
    },
    "SliderGrab": {
        "a": 0.7799999713897705,
        "b": 0.9800000190734863,
        "g": 0.5899999737739563,
        "r": 0.25999999046325684
    },
    "SliderGrabActive": {
        "a": 0.6000000238418579,
        "b": 0.800000011920929,
        "g": 0.5400000214576721,
        "r": 0.46000000834465027
    },
    "Tab": {
        "a": 0.9309999942779541,
        "b": 0.3238687515258789,
        "g": 0.2848687171936035,
        "r": 0.25186872482299805
    },
    "TabActive": {
        "a": 1.0,
        "b": 0.5505791306495667,
        "g": 0.3339126408100128,
        "r": 0.15057915449142456
    },
    "TabHovered": {
        "a": 0.800000011920929,
        "b": 1.0,
        "g": 0.45833373069763184,
        "r": 0.0
    },
    "TabUnfocused": {
        "a": 0.9861999750137329,
        "b": 0.21677374839782715,
        "g": 0.2089737355709076,
        "r": 0.20237374305725098
    },
    "TabUnfocusedActive": {
        "a": 1.0,
        "b": 0.40634745359420776,
        "g": 0.2763475775718689,
        "r": 0.16634748876094818
    },
    "TableBorderLight": {
        "a": 1.0,
        "b": 0.7400000095367432,
        "g": 0.6800000071525574,
        "r": 0.6800000071525574
    },
    "TableBorderStrong": {
        "a": 1.0,
        "b": 0.6399999856948853,
        "g": 0.5699999928474426,
        "r": 0.5699999928474426
    },
    "TableHeaderBg": {
        "a": 1.0,
        "b": 0.9800000190734863,
        "g": 0.8700000047683716,
        "r": 0.7799999713897705
    },
    "TableRowBg": {
        "a": 0.0,
        "b": 0.0,
        "g": 0.0,
        "r": 0.0
    },
    "TableRowBgAlt": {
        "a": 0.09000000357627869,
        "b": 0.30000001192092896,
        "g": 0.30000001192092896,
        "r": 0.30000001192092896
    },
    "Text": {
        "a": 1.1299999952316284,
        "b": 1.0,
        "g": 1.0,
        "r": 1.0
    },
    "TextDisabled": {
        "a": 1.0,
        "b": 0.6000000238418579,
        "g": 0.6000000238418579,
        "r": 0.6000000238418579
    },
    "TextSelectedBg": {
        "a": 0.3499999940395355,
        "b": 0.9800000190734863,
        "g": 0.5899999737739563,
        "r": 0.25999999046325684
    },
    "TitleBg": {
        "a": 1.0,
        "b": 0.1899999976158142,
        "g": 0.1899999976158142,
        "r": 0.1899999976158142
    },
    "TitleBgActive": {
        "a": 1.0,
        "b": 0.2509652376174927,
        "g": 0.2509652376174927,
        "r": 0.2509652376174927
    },
    "TitleBgCollapsed": {
        "a": 0.5099999904632568,
        "b": 1.0,
        "g": 1.0,
        "r": 1.0
    },
    "WindowBg": {
        "a": 1.0,
        "b": 0.10580000281333923,
        "g": 0.10580000281333923,
        "r": 0.10580000281333923
    }
}