{
    "Border": {
        "a": 0.30000001192092896,
        "b": 0.0,
        "g": 0.0,
        "r": 0.0
    },
    "BorderShadow": {
        "a": 0.0,
        "b": 0.0,
        "g": 0.0,
        "r": 0.0
    },
    "Button": {
        "a": 0.2549019753932953,
        "b": 1.0,
        "g": 1.0,
        "r": 1.0
    },
    "ButtonActive": {
        "a": 1.0,
        "b": 0.08494210243225098,
        "g": 0.08494210243225098,
        "r": 0.08494210243225098
    },
    "ButtonHovered": {
        "a": 1.0,
        "b": 0.29729729890823364,
        "g": 0.29729729890823364,
        "r": 0.29729729890823364
    },
    "CheckMark": {
        "a": 1.0,
        "b": 0.9800000190734863,
        "g": 0.5899999737739563,
        "r": 0.25999999046325684
    },
    "ChildBg": {
        "a": 0.0,
        "b": 0.0,
        "g": 0.0,
        "r": 0.0
    },
    "DockingEmptyBg": {
        "a": 1.0,
        "b": 0.20000000298023224,
        "g": 0.20000000298023224,
        "r": 0.20000000298023224
    },
    "DragDropTarget": {
        "a": 0.949999988079071,
        "b": 0.9800000190734863,
        "g": 0.5899999737739563,
        "r": 0.25999999046325684
    },
    "FrameBg": {
        "a": 1.0,
        "b": 0.1899999976158142,
        "g": 0.1899999976158142,
        "r": 0.1899999976158142
    },
    "FrameBgActive": {
        "a": 0.6700000166893005,
        "b": 0.9800000190734863,
        "g": 0.5899999737739563,
        "r": 0.25999999046325684
    },
    "FrameBgHovered": {
        "a": 0.4000000059604645,
        "b": 0.9800000190734863,
        "g": 0.5899999737739563,
        "r": 0.25999999046325684
    },
    "Header": {
        "a": 0.3686274588108063,
        "b": 0.6640926599502563,
        "g": 0.6640926599502563,
        "r": 0.6640926599502563
    },
    "HeaderActive": {
        "a": 0.0,
        "b": 1.0,
        "g": 1.0,
        "r": 1.0
    },
    "HeaderHovered": {
        "a": 0.800000011920929,
        "b": 0.7451737523078918,
        "g": 0.7451737523078918,
        "r": 0.7451737523078918
    },
    "MenuBarBg": {
        "a": 1.0,
        "b": 1.0,
        "g": 1.0,
        "r": 1.0
    },
    "ModalWindowDimBg": {
        "a": 0.3499999940395355,
        "b": 0.20000000298023224,
        "g": 0.20000000298023224,
        "r": 0.20000000298023224
    },
    "NavHighlight": {
        "a": 0.800000011920929,
        "b": 0.7451737523078918,
        "g": 0.7451737523078918,
        "r": 0.7451737523078918
    },
    "NavWindowingDimBg": {
        "a": 0.20000000298023224,
        "b": 0.20000000298023224,
        "g": 0.20000000298023224,
        "r": 0.20000000298023224
    },
    "NavWindowingHighlight": {
        "a": 0.699999988079071,
        "b": 0.699999988079071,
        "g": 0.699999988079071,
        "r": 0.699999988079071
    },
    "PlotHistogram": {
        "a": 1.0,
        "b": 0.0,
        "g": 0.699999988079071,
        "r": 0.8999999761581421
    },
    "PlotHistogramHovered": {
        "a": 1.0,
        "b": 0.0,
        "g": 0.44999998807907104,
        "r": 1.0
    },
    "PlotLines": {
        "a": 1.0,
        "b": 0.38999998569488525,
        "g": 0.38999998569488525,
        "r": 0.38999998569488525
    },
    "PlotLinesHovered": {
        "a": 1.0,
        "b": 0.3499999940395355,
        "g": 0.4300000071525574,
        "r": 1.0
    },
    "PopupBg": {
        "a": 0.9800000190734863,
        "b": 0.08658186346292496,
        "g": 0.08658186346292496,
        "r": 0.09266406297683716
    },
    "ResizeGrip": {
        "a": 0.17000000178813934,
        "b": 0.3499999940395355,
        "g": 0.3499999940395355,
        "r": 0.3499999940395355
    },
    "ResizeGripActive": {
        "a": 0.949999988079071,
        "b": 0.9800000190734863,
        "g": 0.5899999737739563,
        "r": 0.25999999046325684
    },
    "ResizeGripHovered": {
        "a": 0.6700000166893005,
        "b": 0.9800000190734863,
        "g": 0.5899999737739563,
        "r": 0.25999999046325684
    },
    "ScrollbarBg": {
        "a": 0.5299999713897705,
        "b": 0.2239382266998291,
        "g": 0.2239382266998291,
        "r": 0.2239382266998291
    },
    "ScrollbarGrab": {
        "a": 0.7686274647712708,
        "b": 1.0,
        "g": 1.0,
        "r": 1.0
    },
    "ScrollbarGrabActive": {
        "a": 1.0,
        "b": 0.49000000953674316,
        "g": 0.49000000953674316,
        "r": 0.49000000953674316
    },
    "ScrollbarGrabHovered": {
        "a": 0.800000011920929,
        "b": 0.49000000953674316,
        "g": 0.49000000953674316,
        "r": 0.49000000953674316
    },
    "Separator": {
        "a": 0.6200000047683716,
        "b": 0.8223938345909119,
        "g": 0.8223938345909119,
        "r": 0.8223938345909119
    },
    "SeparatorActive": {
        "a": 1.0,
        "b": 0.0,
        "g": 0.0,
        "r": 1.0
    },
    "SeparatorHovered": {
        "a": 1.0,
        "b": 0.0,
        "g": 0.0,
        "r": 1.0
    },
    "SliderGrab": {
        "a": 0.7799999713897705,
        "b": 0.9800000190734863,
        "g": 0.5899999737739563,
        "r": 0.25999999046325684
    },
    "SliderGrabActive": {
        "a": 0.6000000238418579,
        "b": 0.800000011920929,
        "g": 0.5400000214576721,
        "r": 0.46000000834465027
    },
    "Tab": {
        "a": 0.9368627071380615,
        "b": 0.292277991771698,
        "g": 0.292277991771698,
        "r": 0.292277991771698
    },
    "TabActive": {
        "a": 1.0,
        "b": 0.10588235408067703,
        "g": 0.10588235408067703,
        "r": 0.10588235408067703
    },
    "TabHovered": {
        "a": 0.800000011920929,
        "b": 0.7451737523078918,
        "g": 0.7451737523078918,
        "r": 0.7451737523078918
    },
    "TabUnfocused": {
        "a": 0.9873725175857544,
        "b": 0.21045559644699097,
        "g": 0.21045559644699097,
        "r": 0.21045559644699097
    },
    "TabUnfocusedActive": {
        "a": 1.0,
        "b": 0.13952940702438354,
        "g": 0.13952940702438354,
        "r": 0.13952940702438354
    },
    "TableBorderLight": {
        "a": 1.0,
        "b": 0.7400000095367432,
        "g": 0.6800000071525574,
        "r": 0.6800000071525574
    },
    "TableBorderStrong": {
        "a": 1.0,
        "b": 0.6399999856948853,
        "g": 0.5699999928474426,
        "r": 0.5699999928474426
    },
    "TableHeaderBg": {
        "a": 1.0,
        "b": 0.9800000190734863,
        "g": 0.8700000047683716,
        "r": 0.7799999713897705
    },
    "TableRowBg": {
        "a": 0.0,
        "b": 0.0,
        "g": 0.0,
        "r": 0.0
    },
    "TableRowBgAlt": {
        "a": 0.09000000357627869,
        "b": 0.30000001192092896,
        "g": 0.30000001192092896,
        "r": 0.30000001192092896
    },
    "Text": {
        "a": 1.1299999952316284,
        "b": 1.0,
        "g": 1.0,
        "r": 1.0
    },
    "TextDisabled": {
        "a": 1.0,
        "b": 0.6000000238418579,
        "g": 0.6000000238418579,
        "r": 0.6000000238418579
    },
    "TextSelectedBg": {
        "a": 0.3499999940395355,
        "b": 0.9800000190734863,
        "g": 0.5899999737739563,
        "r": 0.25999999046325684
    },
    "TitleBg": {
        "a": 1.0,
        "b": 0.1899999976158142,
        "g": 0.1899999976158142,
        "r": 0.1899999976158142
    },
    "TitleBgActive": {
        "a": 1.0,
        "b": 0.2509652376174927,
        "g": 0.2509652376174927,
        "r": 0.2509652376174927
    },
    "TitleBgCollapsed": {
        "a": 0.5099999904632568,
        "b": 1.0,
        "g": 1.0,
        "r": 1.0
    },
    "WindowBg": {
        "a": 1.0,
        "b": 0.10580000281333923,
        "g": 0.10580000281333923,
        "r": 0.10580000281333923
    }
}